Player,Salary in $,height,birth_state
Aaron Brooks,3396250,183.0,Washington
Aaron Gordon,5504420,206.0,California
Aaron Gray,2690875,213.0,California
Aaron Harrison,525093,198.0,Texas
Aaron McKie,6000000,196.0,Pennsylvania
Aaron Miles,155614,185.0,Oregon
Aaron Swinson,102424,196.0,Georgia
Aaron Williams,3790257,206.0,Illinois
Acie Earl,1430000,208.0,Illinois
Acie Law,2216160,190.0,Texas
Adam Harrington,140636,196.0,Massachusetts
Adam Keefe,3390000,206.0,California
Adam Morrison,5257229,203.0,Montana
Adonal Foyle,8937500,208.0,Saint Vincent and the Grenadines
Adonis Jordan,350000,180.0,New York
Adonis Thomas,60000,201.0,Tennessee
Adreian Payne,2022240,208.0,Ohio
Adrian Caldwell,275000,203.0,Texas
Adrian Griffin,1711000,196.0,Kansas
Al Harrington,10026875,206.0,New Jersey
Al Horford,27734405,208.0,Dominican Republic
Al Jefferson,15000000,208.0,Mississippi
Al Thornton,2814196,203.0,Georgia
Al-Farouq Aminu,7680965,206.0,Georgia
Alaa Abdelnaby,805000,208.0,Egypt
Alan Anderson,4000000,198.0,Minnesota
Alan Henderson,8273125,206.0,Indiana
Alan Ogg,202000,218.0,Ohio
Alando Tucker,1071720,203.0,Ohio
Alec Burks,10845506,198.0,Missouri
Alec Kessler,1600000,211.0,Minnesota
Aleksandar Radojevic,1524600,221.0,Montenegro
Alex Abrines,5994764,198.0,Spain
Alex Acker,839209,196.0,California
Alex Blackwell,140000,198.0,New Jersey
Alex Garcia,620046,190.0,Brazil
Alex Kirk,65000,213.0,New Mexico
Alex Len,4823621,216.0,Ukraine
Alex Poythress,38903,201.0,Georgia
Alex Stepheson,61776,208.0,California
Alex Stivrins,140000,203.0,Nebraska
Alexander Johnson,687456,206.0,Georgia
Alexander Volkov,675000,208.0,Russia
Alexey Shved,3282056,198.0,Russia
Alexis Ajinca,4961798,218.0,France
Allan Houston,19125000,198.0,Kentucky
Allen Crabbe,19332500,198.0,California
Alonzo Gee,3500000,198.0,Florida
Alton Ford,586082,185.0,Mississippi
Alton Lister,1700000,213.0,Texas
Alvin Jones,332817,211.0,Luxembourg
Alvin Robertson,1408000,190.0,Ohio
Amal McCaskill,932546,211.0,Illinois
Amir Johnson,12000000,206.0,California
Anderson Varejao,9704595,208.0,Brazil
Andrae Patterson,498500,206.0,California
Andray Blatche,8471339,211.0,New York
Andre Barrett,744551,178.0,New York
Andre Brown,711517,206.0,Illinois
Andre Dawkins,59686,196.0,Virginia
Andre Drummond,23775506,211.0,New York
Andre Emmett,641748,196.0,Texas
Andre Iguodala,14968250,198.0,Illinois
Andre Miller,10333334,206.0,Michigan
Andre Owens,687456,193.0,Indiana
Andre Roberson,9259259,196.0,Tennessee
Andre Spencer,250000,198.0,California
Andre Turner,140000,180.0,Tennessee
Andrea Bargnani,11862500,213.0,Italy
Andreas Glyniadakis,161061,216.0,Greece
Andrei Kirilenko,17823000,206.0,Russia
Andres Nocioni,8500000,201.0,Argentina
Andrew Bogut,14000000,213.0,Australia
Andrew Bynum,16889000,213.0,New Jersey
Andrew DeClercq,3262500,208.0,Michigan
Andrew Gaze,460000,201.0,Australia
Andrew Goudelock,473604,190.0,Georgia
Andrew Harrison,1312611,198.0,Texas
Andrew Lang,3068000,211.0,Arkansas
Andrew Nicholson,6088993,206.0,Canada
Andrew Toney,450000,190.0,Alabama
Andrew Wiggins,7574322,203.0,Canada
Andris Biedrins,9000000,211.0,Latvia
Andy Panko,5000,206.0,Pennsylvania
Andy Rautins,788872,193.0,New York
Andy Toolson,310000,198.0,Illinois
Anfernee Hardaway,15750000,201.0,Tennessee
Ansu Sesay,745046,206.0,North Carolina
Antawn Jamison,16360094,203.0,Louisiana
Anthony Avent,950000,206.0,North Carolina
Anthony Bennett,5563920,203.0,Canada
Anthony Bonner,845000,203.0,Missouri
Anthony Bowie,900000,198.0,Oklahoma
Anthony Brown,874636,206.0,Illinois
Anthony Carter,3656250,185.0,Wisconsin
Anthony Cook,650000,206.0,California
Anthony Davis,23775506,206.0,California
Anthony Frederick,130000,201.0,California
Anthony Goldwire,330000,185.0,Florida
Anthony Johnson,2640000,196.0,California
Anthony Mason,5550000,201.0,Florida
Anthony Miller,550000,206.0,Michigan
Anthony Morrow,4000000,196.0,North Carolina
Anthony Parker,4550000,198.0,Illinois
Anthony Peeler,3350812,193.0,Missouri
Anthony Pullard,140000,208.0,Louisiana
Anthony Randolph,2911231,208.0,Germany
Anthony Roberson,797581,196.0,Tennessee
Anthony Tolliver,8000000,203.0,Missouri
Anthony Tucker,225000,203.0,District of Columbia
Antoine Carr,2525000,206.0,Oklahoma
Antoine Walker,14625000,193.0,New York
Antoine Wright,2110550,201.0,California
Antonio Burks,641748,185.0,Tennessee
Antonio Daniels,6200000,193.0,Ohio
Antonio Davis,13925000,206.0,California
Antonio Harvey,715850,211.0,Mississippi
Antonio Lang,520000,211.0,Arkansas
Antonio McDyess,13500000,206.0,Mississippi
Antonis Fotsis,332817,208.0,Greece
Archie Goodwin,2094089,196.0,Arkansas
Arinze Onuaku,440078,206.0,Maryland
Armen Gilliam,3244000,206.0,Pennsylvania
Armon Johnson,762195,196.0,Minnesota
Arnett Moultrie,1136160,211.0,New York
Aron Baynes,6500000,208.0,New Zealand
Arron Afflalo,12500000,196.0,California
Art Long,465850,206.0,New York
Arvydas Macijauskas,2500000,193.0,Lithuania
Ashraf Amaya,247500,203.0,Illinois
Austin Croshere,8260000,206.0,California
Austin Daye,2958077,211.0,California
Austin Rivers,11825000,193.0,California
Avery Bradley,8808989,188.0,Washington
Avery Johnson,5445600,178.0,Louisiana
Awvee Storey,711517,198.0,Illinois
Axel Toupane,123552,201.0,France
Baron Davis,16440000,190.0,California
Bart Kofoed,140000,193.0,Nebraska
Ben Davis,425000,206.0,Florida
Ben Gordon,11600000,190.0,United Kingdom
Ben Handlogten,366931,208.0,Michigan
Ben Hansbrough,473604,190.0,Missouri
Ben McLemore,5200000,196.0,Missouri
Ben Uzoh,473604,190.0,Texas
Ben Wallace,16000000,206.0,Alabama
Beno Udrih,7372000,190.0,Slovenia
Benoit Benjamin,3975000,213.0,Louisiana
Bernard James,915243,208.0,Georgia
Bernard Robinson,1080000,198.0,District of Columbia
Bill Cartwright,2400000,216.0,California
Bill Curley,1544000,206.0,Massachusetts
Bill Hanzlik,510000,201.0,Ohio
Bill Laimbeer,1510000,211.0,Massachusetts
Bill Wennington,1800000,213.0,Canada
Billy Owens,4225200,203.0,Pennsylvania
Billy Thomas,510529,193.0,Louisiana
Billy Thompson,400000,201.0,New Jersey
Bimbo Coles,2400000,185.0,Virginia
Bismack Biyombo,17000000,206.0,Democratic Republic of the Congo
Bison Dele,5770000,206.0,California
Blair Rasmussen,3088000,213.0,Washington
Blake Ahearn,125562,188.0,Missouri
Blake Griffin,29512900,208.0,Oklahoma
Blue Edwards,2300000,193.0,District of Columbia
Bo Kimble,1435000,193.0,Pennsylvania
Bo Outlaw,6585000,203.0,Texas
Bob Hansen,600000,198.0,Iowa
Bob Martin,250000,213.0,Minnesota
Bob McCann,300000,198.0,New Jersey
Bob Sura,6266666,196.0,Pennsylvania
Bob Thornton,335000,208.0,California
Boban Marjanovic,7000000,221.0,Serbia
Bobby Brown,1524305,193.0,Ohio
Bobby Hurley,4030000,183.0,New Jersey
Bobby Jackson,6487888,185.0,North Carolina
Bobby Jones,687456,206.0,North Carolina
Bobby Phills,5220000,196.0,Louisiana
Bobby Portis,1516320,211.0,Arkansas
Bobby Simmons,10602667,201.0,Illinois
Bojan Bogdanovic,10500000,198.0,Serbia
Bonzi Wells,8000000,196.0,Indiana
Boris Diaw,9000000,203.0,France
Bostjan Nachbar,2500000,206.0,Slovenia
Bracey Wright,664209,211.0,California
Brad Daugherty,4700000,213.0,North Carolina
Brad Davis,600000,190.0,Pennsylvania
Brad Lohaus,1377000,211.0,Minnesota
Brad Miller,12250000,211.0,Indiana
Bradley Beal,23775506,196.0,Missouri
Brandan Wright,5955760,211.0,California
Branden Dawson,525093,198.0,Indiana
Brandon Armstrong,995650,196.0,California
Brandon Bass,6900000,203.0,Louisiana
Brandon Hunter,620046,201.0,Ohio
Brandon Ingram,5519400,206.0,North Carolina
Brandon Jennings,8344497,185.0,California
Brandon Knight,13618750,178.0,New Jersey
Brandon Roy,19317326,198.0,Washington
Brandon Rush,4000000,198.0,Missouri
Brandon Williams,35176,198.0,Louisiana
Brendan Haywood,7798000,213.0,New York
Brent Barry,5544370,198.0,New York
Brent Price,4048000,185.0,Oklahoma
Brent Scott,247500,208.0,Michigan
Brett Szabo,220000,211.0,Iowa
Brevin Knight,5000000,178.0,New Jersey
Brian Cardinal,6750000,203.0,Illinois
Brian Cook,3500000,206.0,Illinois
Brian Davis,150000,190.0,Pennsylvania
Brian Evans,686780,203.0,Illinois
Brian Grant,14848080,206.0,Ohio
Brian Howard,200000,198.0,North Carolina
Brian Oliver,456000,193.0,Illinois
Brian Quinnett,450000,203.0,Washington
Brian Roberts,2854940,185.0,Ohio
Brian Scalabrine,3413793,206.0,California
Brian Shaw,4250000,198.0,California
Brian Skinner,5400000,206.0,Texas
Briante Weber,328000,188.0,Virginia
Brice Johnson,1331160,208.0,Utah
Britton Johnsen,45369,208.0,Utah
Brook Lopez,22642350,213.0,California
Brooks Thompson,1118000,193.0,Texas
Bruce Bowen,4125000,201.0,California
Bruno Caboclo,2451225,206.0,Brazil
Bruno Sundov,870046,218.0,Croatia
Bryant Reeves,12999998,213.0,Arkansas
Bryant Stith,5920000,196.0,Virginia
Bryce Cotton,228663,185.0,Arizona
Bryce Dejean-Jones,281659,198.0,California
Bryce Drew,1300000,188.0,Louisiana
Bryn Forbes,1312611,190.0,Michigan
Bryon Russell,5142857,201.0,California
Bubba Wells,312000,196.0,Kentucky
Buck Johnson,775000,201.0,Alabama
Buck Williams,5050000,203.0,North Carolina
Buddy Hield,3675480,193.0,Bahamas
Byron Houston,800000,196.0,Kansas
Byron Irvin,375000,196.0,Illinois
Byron Mullens,1204200,213.0,Ohio
Byron Scott,1650000,190.0,Utah
Cal Bowdler,1179720,208.0,Virginia
Calbert Cheaney,4000000,201.0,Indiana
Calvin Booth,6629891,211.0,Ohio
Cameron Bairstow,19000000,206.0,Australia
Cameron Payne,2203440,190.0,Tennessee
Caris LeVert,1632480,201.0,Ohio
Carl Herrera,2080000,206.0,Trinidad and Tobago
Carl Landry,8500000,206.0,Wisconsin
Carl Thomas,272250,193.0,Ohio
Carldell Johnson,168035,178.0,Louisiana
Carlos Arroyo,4100000,188.0,Puerto Rico
Carlos Boozer,15300000,206.0,Germany
Carlos Delfino,3500000,198.0,Argentina
Carlos Rogers,2200000,211.0,Michigan
Carmelo Anthony,26243760,203.0,New York
Caron Butler,10561960,201.0,Wisconsin
Carrick Felix,816482,198.0,Arizona
Cartier Martin,1270964,201.0,Texas
Casey Jacobsen,1082160,198.0,California
Casey Shaw,287500,211.0,Ohio
Cedric Bozeman,412718,198.0,California
Cedric Ceballos,3937500,198.0,Hawaii
Cedric Henderson,3000000,203.0,Georgia
Cedric Jackson,53834,190.0,New Mexico
Cedric Simmons,1742760,206.0,North Carolina
Cezary Trybanski,1600000,218.0,Poland
Chandler Parsons,23112004,208.0,Florida
Channing Frye,8175476,211.0,New York
Charles Jenkins,762195,190.0,New York
Charles Jones,875000,206.0,Arkansas
Charles Oakley,6545000,203.0,Ohio
Charles Shackleford,1720000,208.0,North Carolina
Charles Smith,3957143,208.0,Connecticut
Charlie Bell,4447792,190.0,Michigan
Charlie Villanueva,8580000,211.0,New York
Charlie Ward,6030000,188.0,Georgia
Chase Budinger,5000000,201.0,California
Chasson Randle,1312611,188.0,Illinois
Chauncey Billups,13150000,190.0,Colorado
Cheick Diallo,1312611,206.0,Mali
Chinanu Onuaku,1312611,208.0,Maryland
Chris Andersen,5375000,208.0,California
Chris Anstey,985200,213.0,Australia
Chris Babb,48028,196.0,Texas
Chris Bosh,25289390,211.0,Texas
Chris Carr,1200000,196.0,Missouri
Chris Childs,5200000,190.0,California
Chris Copeland,3135000,206.0,New Jersey
Chris Corchiani,300000,183.0,Florida
Chris Crawford,3250000,206.0,Michigan
Chris Douglas-Roberts,915243,201.0,Michigan
Chris Dudley,6200000,188.0,Pennsylvania
Chris Duhon,6031800,185.0,Louisiana
Chris Garner,242000,178.0,Tennessee
Chris Gatling,5550000,208.0,New Jersey
Chris Herren,316969,188.0,Massachusetts
Chris Hunter,632455,211.0,Indiana
Chris Jefferies,840360,203.0,California
Chris Jent,250000,201.0,California
Chris Johnson,981348,183.0,Texas
Chris Kaman,14030000,213.0,Michigan
Chris King,225000,203.0,North Carolina
Chris McCray,161061,196.0,Maryland
Chris McCullough,1471382,211.0,New York
Chris Mihm,4214241,213.0,Wisconsin
Chris Mills,6600000,198.0,California
Chris Morris,3000000,203.0,Georgia
Chris Owens,349458,201.0,Ohio
Chris Paul,24599495,183.0,North Carolina
Chris Porter,465850,201.0,Alabama
Chris Quinn,1055000,188.0,Louisiana
Chris Richard,427163,206.0,Florida
Chris Robinson,375000,196.0,Georgia
Chris Singleton,1618680,203.0,Georgia
Chris Smith,270000,208.0,Connecticut
Chris Taft,664209,208.0,New York
Chris Webber,19125000,206.0,Michigan
Chris Whitney,3000000,183.0,Kentucky
Chris Wilcox,6750000,208.0,North Carolina
Chris Wright,473604,203.0,Ohio
Christian Eyenga,1174080,196.0,Democratic Republic of the Congo
Christian Laettner,6625000,211.0,New York
Christian Wood,874636,211.0,California
Chuck Hayes,5958750,198.0,California
Chuck Nevitt,118000,226.0,Colorado
Chuck Person,2860000,203.0,Alabama
Chucky Atkins,4500000,180.0,Florida
Chucky Brown,850000,201.0,New York
Clarence Weatherspoon,6353200,198.0,Mississippi
Cleanthony Early,845059,203.0,New York
Cliff Alexander,525093,203.0,Illinois
Cliff Levingston,1350000,203.0,California
Cliff Robinson,140000,206.0,California
Clifford Robinson,8421875,206.0,California
Clifford Rozier,1040000,211.0,Florida
Clint McDaniel,200000,193.0,Oklahoma
Coby Karl,427163,196.0,Montana
Cody Zeller,12584270,213.0,Indiana
Cole Aldrich,7643979,211.0,Minnesota
Corey Beck,425000,185.0,Tennessee
Corey Benjamin,749160,198.0,California
Corey Brewer,8200000,206.0,Tennessee
Corey Crowder,250000,196.0,Georgia
Corey Gaines,13000,190.0,California
Corey Maggette,9600000,198.0,Illinois
Corey Williams,200000,188.0,Georgia
Corie Blount,1680000,206.0,California
Corliss Williamson,6500000,188.0,Georgia
Corsley Edwards,319498,206.0,Maryland
Cory Alexander,2302778,185.0,Virginia
Cory Carr,287500,190.0,Arkansas
Cory Jefferson,507336,206.0,Washington
Cory Joseph,7630000,190.0,Canada
Coty Clarke,61776,201.0,Tennessee
Courtney Alexander,2168193,185.0,Virginia
Courtney Fortson,42009,180.0,Texas
Courtney Lee,11747890,196.0,Indiana
Courtney Sims,184648,208.0,Massachusetts
Craig Brackins,1404960,208.0,California
Craig Ehlo,2650000,198.0,Texas
Craig Hodges,700000,188.0,Illinois
Craig Smith,2500000,201.0,California
Cristiano Felicio,7843500,208.0,Brazil
Curtis Borchardt,1969993,213.0,New York
Cuttino Mobley,9500000,193.0,Pennsylvania
DaJuan Summers,457588,203.0,Maryland
Daequan Cook,3341558,190.0,California
Dahntay Jones,2900000,190.0,Texas
Dale Davis,10068750,211.0,Georgia
Dale Ellis,2290000,201.0,Georgia
Damian Jones,1312611,190.0,Texas
Damian Lillard,26153057,190.0,California
Damien Inglis,855000,203.0,French Guiana
Damien Wilkins,3300000,208.0,Idaho
Damion James,1243080,201.0,New Mexico
Damir Markota,412718,208.0,Bosnia and Herzegovina
Damjan Rudez,1149500,208.0,Croatia
Damon Jones,4460186,190.0,Texas
Damon Stoudamire,12500000,178.0,Oregon
Damone Brown,332817,188.0,California
Dan Dickau,2990028,183.0,Oregon
Dan Gadzuric,7248325,211.0,Netherlands
Dan Godfread,100000,208.0,Indiana
Dan Langhi,587435,211.0,Illinois
Dan Majerle,4050000,198.0,Michigan
Dana Barros,3700000,180.0,Massachusetts
Daniel Ewing,664209,190.0,Florida
Daniel Gibson,4792332,188.0,Texas
Daniel Ochefu,543471,211.0,Maryland
Daniel Orton,1105560,208.0,Oklahoma
Daniel Santiago,1320000,216.0,Texas
Danilo Gallinari,20559599,208.0,Italy
Danny Ainge,2080000,193.0,Oregon
Danny Ferry,4643000,208.0,Maryland
Danny Fortson,6596990,201.0,Pennsylvania
Danny Granger,14021788,206.0,Louisiana
Danny Green,10000000,206.0,California
Danny Manning,6833333,208.0,Mississippi
Danny Schayes,1750000,211.0,New York
Danny Young,550000,190.0,North Carolina
Dante Cunningham,3000000,203.0,Maryland
Dante Exum,4992385,198.0,Australia
Danuel House,543471,201.0,Texas
Darington Hobson,245884,201.0,Nevada
Dario Saric,2422560,208.0,Croatia
Darius Johnson-Odom,192228,201.0,Louisiana
Darius Miles,9000000,206.0,Illinois
Darius Miller,2100000,203.0,Kentucky
Darius Morris,1046269,193.0,California
Darius Songaila,4818000,206.0,Lithuania
Darius Washington,154847,188.0,Florida
Darko Milicic,7500000,213.0,Serbia
Darnell Jackson,854389,206.0,Oklahoma
Darnell Mee,250000,196.0,Tennessee
Darnell Valentine,130000,185.0,Illinois
Darrell Armstrong,4010000,183.0,North Carolina
Darrell Arthur,8070175,206.0,Texas
Darrell Griffith,850000,193.0,Kentucky
Darrell Walker,735000,193.0,Illinois
Darren Collison,10000000,183.0,California
Darren Morningstar,43000,208.0,Washington
Darrick Martin,1219590,180.0,Colorado
Darrin Hancock,247500,201.0,Alabama
Darrun Hilliard,874636,198.0,Pennsylvania
Darvin Ham,1760000,201.0,Michigan
Dave Corzine,300000,211.0,Illinois
Dave Feitl,275000,211.0,Pennsylvania
Dave Greenwood,650000,206.0,California
Dave Hoppen,500000,211.0,Nebraska
Dave Jamerson,840000,196.0,West Virginia
Dave Johnson,650000,201.0,Louisiana
Dave Popson,80000,208.0,Pennsylvania
David Andersen,2500000,208.0,Minnesota
David Benoit,1200000,203.0,Louisiana
David Harrison,1734316,213.0,Tennessee
David Lee,15493680,201.0,California
David Noel,687456,198.0,North Carolina
David Nwaba,1312611,193.0,California
David Stockton,29843,180.0,Washington
David Vaughn,693840,211.0,Tennessee
David Wear,29843,208.0,California
David Wesley,5070000,183.0,Texas
David West,12000000,206.0,New Jersey
David Wingate,1000000,196.0,Maryland
David Wood,488000,206.0,Washington
Davis Bertans,1312611,208.0,Latvia
DeAndre Jordan,22642350,211.0,Texas
DeAndre Liggins,1577230,198.0,Illinois
DeJuan Blair,2000000,201.0,Pennsylvania
DeJuan Wheat,460000,183.0,Kentucky
DeMar DeRozan,27739975,201.0,California
DeMarcus Cousins,18063850,211.0,Alabama
DeMarre Carroll,14800000,203.0,Alabama
DeQuan Jones,473504,203.0,Georgia
DeSagana Diop,2695164,213.0,Senegal
DeShawn Stevenson,4151786,196.0,California
Dean Garrett,3240000,208.0,California
Dean Oliver,332817,180.0,Illinois
Dee Brown,4000000,185.0,Florida
Dejounte Murray,1312611,196.0,Washington
Delaney Rudd,240000,188.0,North Carolina
Dell Curry,3660000,193.0,Virginia
Dell Demps,225000,190.0,California
Delon Wright,1645200,196.0,California
Delonte West,4254250,193.0,District of Columbia
Demetris Nichols,427163,203.0,Massachusetts
Demetrius Jackson,1450000,185.0,Indiana
Deng Gai,92396,206.0,South Sudan
Dennis Hopson,950000,196.0,Ohio
Dennis Horner,91642,206.0,New Jersey
Dennis Schroder,15500000,185.0,Germany
Dennis Scott,3150000,203.0,Maryland
Denzel Valentine,2186400,198.0,Michigan
DerMarr Johnson,2423280,193.0,California
Derek Anderson,9742500,196.0,Kentucky
Derek Fisher,6373900,185.0,Arkansas
Derek Grimm,242000,206.0,Illinois
Derek Harper,2837000,193.0,Georgia
Derek Strong,4212000,203.0,California
Deron Williams,19754465,190.0,West Virginia
Derrick Alston,350000,211.0,New York
Derrick Caracter,473604,206.0,New Jersey
Derrick Chievous,525000,201.0,New York
Derrick Coleman,8710000,208.0,Alabama
Derrick Dial,540850,193.0,Michigan
Derrick Favors,12833333,208.0,Georgia
Derrick Gervin,155000,203.0,Michigan
Derrick Jones,1312611,203.0,Georgia
Derrick McKey,6000000,206.0,Mississippi
Derrick Rose,21323250,190.0,Illinois
Derrick Williams,6331404,190.0,West Virginia
Desmon Farmer,275404,196.0,Michigan
Desmond Mason,8037037,201.0,Texas
Detlef Schrempf,5000000,206.0,Germany
Devean George,5000600,203.0,Minnesota
Devin Booker,2319360,198.0,Michigan
Devin Brown,2500000,185.0,Florida
Devin Ebanks,1054389,206.0,New York
Devin Gray,150200,201.0,Maryland
Devin Green,398762,201.0,Ohio
Devin Harris,9319000,190.0,Wisconsin
Devyn Marble,884879,198.0,Michigan
Dewayne Dedmon,6000000,213.0,California
Dexter Cambridge,150000,201.0,Bahamas
Dexter Pittman,854389,211.0,Texas
Deyonta Davis,1369229,211.0,Michigan
Diamond Stone,1312611,211.0,Wisconsin
Dickey Simpkins,1235000,206.0,Maryland
Dijon Thompson,89101,201.0,California
Dino Radja,5313000,211.0,Croatia
Dion Glover,1584312,196.0,Georgia
Dion Waiters,11000000,193.0,Pennsylvania
Dionte Christmas,50000,196.0,Pennsylvania
Dirk Nowitzki,25000000,213.0,Germany
Doc Rivers,1405000,193.0,Illinois
Domantas Sabonis,2550000,211.0,Oregon
Dominic McGuire,915852,206.0,California
Dominique Jones,1276560,203.0,Tennessee
Don MacLean,2800000,208.0,California
Don Reid,1100000,203.0,District of Columbia
Donald Hodge,1200000,213.0,District of Columbia
Donald Royal,1700000,203.0,Louisiana
Donald Sloan,1015421,190.0,Louisiana
Donald Whiteside,272250,178.0,Illinois
Donatas Motiejunas,2288205,213.0,Lithuania
Donell Taylor,664209,198.0,District of Columbia
Donnell Harvey,992040,203.0,Georgia
Donnie Boyce,250000,196.0,Illinois
Donny Marshall,540000,206.0,Pennsylvania
Donte Greene,2015896,211.0,Germany
Dontonio Wingfield,600000,203.0,Georgia
Donyell Marshall,6510000,206.0,Pennsylvania
Dorell Wright,4106000,206.0,California
Dorian Finney-Smith,1312611,203.0,Virginia
Doron Lamb,788872,193.0,New York
Doug Christie,8200000,198.0,Washington
Doug Edwards,1625000,201.0,Florida
Doug Lee,150000,196.0,Illinois
Doug McDermott,3294994,203.0,North Dakota
Doug Overton,600000,190.0,Pennsylvania
Doug West,3680000,198.0,Pennsylvania
Dragan Bender,4468800,216.0,Bosnia and Herzegovina
Dragan Tarlac,2500000,208.0,Serbia
Draymond Green,16400000,201.0,Michigan
Drew Barry,350000,196.0,California
Drew Gooden,7151183,208.0,California
Drew Gordon,40000,206.0,California
Duane Causwell,4000000,213.0,New York
Duane Cooper,150000,185.0,Michigan
Duane Ferrell,1625000,201.0,Maryland
Duje Dukan,525093,206.0,Croatia
Dwayne Jones,770610,208.0,Texas
Dwayne Morton,150000,201.0,Kentucky
Dwayne Schintzius,921000,216.0,Florida
Dwight Buycks,48028,190.0,Wisconsin
Dwight Howard,23500000,211.0,Georgia
Dwight Powell,9003125,211.0,Canada
Dwyane Wade,23200000,193.0,Illinois
Earl Barron,973328,213.0,Mississippi
Earl Boykins,2950000,165.0,Ohio
Earl Clark,4250000,208.0,New Jersey
Earl Cureton,205200,206.0,Michigan
Earl Watson,6600000,185.0,Kansas
Ed Davis,7000000,208.0,District of Columbia
Ed Gray,941040,190.0,California
Ed Nealy,800000,201.0,Kansas
Ed Pinckney,1926000,206.0,New York
Ed Stokes,272500,213.0,New York
Eddie Basden,398762,196.0,New York
Eddie Gill,819551,183.0,Colorado
Eddie Griffin,2900000,208.0,Pennsylvania
Eddie House,2862000,185.0,California
Eddie Johnson,1200000,203.0,Georgia
Eddie Jones,14863778,208.0,Alabama
Eddie Robinson,6204000,203.0,Michigan
Eddy Curry,11530592,213.0,Illinois
Eduardo Najera,4952380,203.0,Mexico
Efthimi Rentzias,658700,211.0,Greece
Ekpe Udoh,4469548,208.0,Oklahoma
Elden Campbell,8050000,211.0,California
Eldridge Recasner,1300000,190.0,Louisiana
Elfrid Payton,3332340,193.0,Louisiana
Elijah Millsap,362878,198.0,Louisiana
Elliot Perry,2025000,183.0,Tennessee
Elliot Williams,1442880,196.0,Tennessee
Elmore Spencer,2050000,213.0,Georgia
Elton Brand,17059727,203.0,New York
Emanual Davis,824935,193.0,Pennsylvania
Emeka Okafor,14487500,208.0,Texas
Emmanuel Mudiay,3381480,196.0,Democratic Republic of the Congo
Enes Kanter,20566802,211.0,Switzerland
Ennis Whatley,150000,190.0,Alabama
Eric Anderson,250000,206.0,Illinois
Eric Bledsoe,14500000,185.0,Alabama
Eric Dawson,38172,206.0,Texas
Eric Gordon,15514031,193.0,Indiana
Eric Leckner,618000,211.0,California
Eric Maynor,2338721,190.0,North Carolina
Eric Mobley,1328000,211.0,New York
Eric Montross,2960000,213.0,Indiana
Eric Moreland,1739333,208.0,Texas
Eric Murdock,2100000,185.0,New Jersey
Eric Piatkowski,3000000,201.0,Ohio
Eric Riley,537500,213.0,Ohio
Eric Snow,7312500,190.0,Ohio
Eric Washington,550000,193.0,Mississippi
Eric Williams,5540000,203.0,New Jersey
Erick Barkley,712200,185.0,New York
Erick Dampier,12115500,211.0,Mississippi
Erick Green,507336,193.0,California
Erick Strickland,2240000,190.0,Alabama
Erik Daniels,385277,203.0,Ohio
Erik Murphy,100000,208.0,France
Ernest Brown,332817,213.0,New York
Ersan Ilyasova,8400000,208.0,Turkey
Ervin Johnson,4837633,188.0,New York
Esteban Batista,664209,208.0,Uruguay
Etan Thomas,7350000,206.0,New York
Etdrick Bohannon,523500,206.0,California
Eugene Jeter,473604,180.0,California
Evan Eschmeyer,3711400,211.0,Ohio
Evan Fournier,17000000,201.0,France
Evan Turner,17131148,201.0,Illinois
Evers Burns,1616000,203.0,Maryland
Fab Melo,1311240,213.0,Brazil
Fabricio Oberto,3600000,208.0,Argentina
Fat Lever,2203000,190.0,Arkansas
Felipe Lopez,831120,196.0,Dominican Republic
Felton Spencer,2694000,213.0,Kentucky
Festus Ezeli,7400000,211.0,Nigeria
Francisco Elson,3000000,213.0,Netherlands
Francisco Garcia,5800000,201.0,Dominican Republic
Frank Brickowski,3250000,206.0,New York
Frank Johnson,500000,185.0,Florida
Frank Kaminsky,2847600,213.0,Illinois
Frank Kornet,225000,206.0,Kentucky
Frank Williams,894960,193.0,California
Frankie King,200000,185.0,Georgia
Fred Hoiberg,1760000,193.0,Nebraska
Fred Jones,3300000,193.0,Arkansas
Fred Roberts,866000,208.0,Utah
Fred VanVleet,1312611,183.0,Illinois
Fred Vinson,485000,193.0,North Carolina
Furkan Aldemir,3000000,208.0,Turkey
Gabe Pruitt,711517,193.0,California
Gal Mekel,816482,190.0,Israel
Garret Siler,51097,211.0,Georgia
Garrett Temple,8000000,198.0,Louisiana
Garth Joseph,316969,218.0,Dominica
Gary Alexander,150000,201.0,Florida
Gary Forbes,1500000,201.0,Panama
Gary Grant,1128000,190.0,Ohio
Gary Harris,2550055,193.0,Indiana
Gary Leonard,200000,216.0,Illinois
Gary Neal,3250000,193.0,Maryland
Gary Payton,12926493,193.0,California
Gary Plummer,140000,206.0,Michigan
Gary Trent,2400000,203.0,Ohio
Gaylon Nickerson,152900,190.0,Arkansas
Geno Carlisle,65779,190.0,Michigan
George Hill,20000000,190.0,Indiana
George Lynch,3200000,203.0,Virginia
George McCloud,2599900,198.0,Florida
George Zidek,784200,213.0,Czech Republic
Georges Niang,650000,203.0,Massachusetts
Georgios Papagiannis,2301360,216.0,Greece
Gerald Fitch,359858,190.0,Georgia
Gerald Glass,903000,196.0,Mississippi
Gerald Green,3500000,201.0,Texas
Gerald Henderson,9000000,188.0,Virginia
Gerald Madkins,615000,193.0,California
Gerald Paddio,190000,201.0,Louisiana
Gerald Wallace,10500000,201.0,Alabama
Gerald Wilkins,2478000,198.0,Georgia
Gerard King,489500,183.0,West Virginia
Gheorghe Muresan,2363000,231.0,Romania
Giannis Antetokounmpo,22471910,211.0,Greece
Gilbert Arenas,20807922,190.0,California
Glen Davis,6600000,206.0,Louisiana
Glen Rice,8800000,201.0,Arkansas
Glenn Robinson,12071250,201.0,Indiana
God Shammgod,242250,183.0,New York
Goran Dragic,17000450,190.0,Slovenia
Gordan Giricek,4000000,198.0,Croatia
Gordon Hayward,29727900,203.0,Indiana
Gorgui Dieng,14112360,211.0,Senegal
Grant Hill,16901500,203.0,Texas
Grant Jerrett,947276,208.0,California
Grant Long,2977000,203.0,Michigan
Greg Anderson,1465000,208.0,Texas
Greg Anthony,3500000,183.0,Nevada
Greg Buckner,4010005,193.0,Kentucky
Greg Dreiling,650000,216.0,Kansas
Greg Foster,1764247,211.0,California
Greg Graham,1540000,193.0,Indiana
Greg Grant,300000,170.0,New Jersey
Greg Kite,985000,211.0,Texas
Greg Minor,3240000,198.0,Georgia
Greg Monroe,17884176,211.0,Louisiana
Greg Oden,6760524,213.0,New York
Greg Ostertag,8666666,218.0,Texas
Greg Smith,948163,196.0,Kentucky
Greg Stiemsma,2676000,211.0,Wisconsin
Greg Sutton,250000,188.0,California
Greivis Vasquez,6600000,198.0,Venezuela
Guillermo Diaz,56065,188.0,Puerto Rico
Gundars Vetra,300000,198.0,Latvia
Gustavo Ayon,1567500,208.0,Mexico
Guy Rucker,34946,211.0,Michigan
Ha Seung-Jin,744551,221.0,Republic of Korea
Hakim Warrick,4000000,206.0,Pennsylvania
Hamed Haddadi,1627779,218.0,Islamic Republic of Iran
Hanno Mottola,465850,211.0,Finland
Harold Ellis,250000,196.0,Georgia
Harold Jamison,600000,203.0,South Carolina
Harold Miner,1733000,196.0,California
Harvey Grant,4671875,203.0,Georgia
Hasheem Thabeet,5127720,221.0,United Republic of Tanzania
Hassan Adams,412718,193.0,California
Hassan Whiteside,23775506,213.0,North Carolina
Haywoode Workman,1080000,188.0,North Carolina
Hedo Turkoglu,12000000,208.0,Turkey
Henry Ellenson,1780800,211.0,Wisconsin
Henry James,1000000,203.0,Alabama
Henry Sims,915243,208.0,Maryland
Herb Williams,1600000,208.0,Ohio
Hersey Hawkins,3644000,190.0,Illinois
Hilton Armstrong,2801198,211.0,New York
Hollis Thompson,947276,203.0,California
Horace Grant,14857000,208.0,Georgia
Horace Jenkins,385277,185.0,New Jersey
Howard Eisley,5843750,188.0,Michigan
Howard Wright,5000,190.0,Kentucky
Hubert Davis,2956250,196.0,North Carolina
Ian Clark,1577230,190.0,Tennessee
Ian Lockhart,263000,203.0,Bahamas
Ian Mahinmi,16661641,211.0,France
Ibo Kutluay,1760000,198.0,Turkey
Igor Rakocevic,349458,190.0,Serbia
Ike Diogu,2912823,203.0,New York
Iman Shumpert,10337079,196.0,Illinois
Ime Udoka,1080000,198.0,Oregon
Ira Bowman,19787,196.0,New Jersey
Ira Newble,3441900,201.0,Michigan
Irving Thomas,120000,203.0,New York
Isaac Austin,5695715,208.0,California
Isaiah Canaan,1015696,183.0,Mississippi
Isaiah Morris,140000,203.0,Virginia
Isaiah Rider,5410000,196.0,California
Isaiah Taylor,1312611,190.0,California
Isaiah Thomas,7238606,185.0,Illinois
Isaiah Whitehead,1312611,193.0,New York
Ish Smith,6000000,183.0,North Carolina
Ivan Johnson,962195,203.0,Texas
Ivano Newbill,272250,206.0,Missouri
Ivica Zubac,1312611,216.0,Bosnia and Herzegovina
JaJuan Johnson,1042320,206.0,Wyoming
JaKarr Sampson,845059,211.0,California
JaMychal Green,8533333,206.0,Alabama
JaVale McGee,12000000,213.0,Michigan
Jabari Brown,44765,193.0,California
Jabari Parker,6782392,203.0,Illinois
Jabari Smith,720046,211.0,Georgia
Jack Cooley,187357,206.0,Illinois
Jack Haley,510000,208.0,California
Jack Sikma,1600000,211.0,Illinois
Jackie Butler,2552000,208.0,Mississippi
Jackson Vroman,682051,208.0,California
Jacque Vaughn,1500000,185.0,California
Jae Crowder,6796117,198.0,Georgia
Jahidi White,5676091,206.0,Missouri
Jahlil Okafor,4995120,211.0,Illinois
Jake Layman,1312611,206.0,Massachusetts
Jake Tsakalidis,2900000,218.0,Georgia
Jake Voskuhl,3000000,211.0,Oklahoma
Jakob Poeltl,2825640,213.0,Austria
Jalen Rose,15694250,203.0,Michigan
Jamaal Franklin,163296,196.0,California
Jamaal Magloire,8533333,211.0,Canada
Jamaal Tinsley,6750000,190.0,New York
Jamal Crawford,13253012,196.0,Washington
Jamal Mashburn,10075000,203.0,New York
Jamal Murray,3355320,193.0,Canada
Jamal Robinson,40000,198.0,California
Jamal Sampson,719373,211.0,California
Jamario Moon,3000000,203.0,Alabama
Jameer Nelson,8600000,183.0,Pennsylvania
Jamel Thomas,31963,198.0,New York
James Anderson,1463520,198.0,Arkansas
James Augustine,687456,208.0,Illinois
James Collins,242000,193.0,Florida
James Cotton,242000,201.0,Montana
James Donaldson,880000,218.0,United Kingdom
James Edwards,1300000,213.0,Washington
James Ennis,3028410,201.0,California
James Harden,28299399,196.0,California
James Johnson,13954000,206.0,Wyoming
James Lang,771331,208.0,Alabama
James Posey,7595600,203.0,Ohio
James Robinson,1870000,198.0,California
James Scott,220000,198.0,New Jersey
James Singleton,1030189,203.0,Illinois
James Thomas,148698,198.0,New York
James White,854389,206.0,Missouri
James Young,1825200,198.0,Michigan
JamesOn Curry,427163,190.0,North Carolina
Jamie Feick,2600000,206.0,Ohio
Jamie Watson,1000000,201.0,North Carolina
Jamison Brewer,720046,193.0,Georgia
Jan Vesely,3340920,211.0,Czech Republic
Jannero Pargo,2000000,185.0,Illinois
Jared Cunningham,1208400,193.0,California
Jared Dudley,10470000,201.0,California
Jared Jeffries,6883800,211.0,Indiana
Jared Reiner,396905,211.0,South Dakota
Jared Sullinger,5628000,206.0,Ohio
Jarell Eddie,561716,201.0,Florida
Jarell Martin,1471382,208.0,Louisiana
Jaren Jackson,3020834,193.0,Louisiana
Jarnell Stokes,845059,206.0,Tennessee
Jarrett Jack,6300000,190.0,Maryland
Jarrod Uthoff,63938,206.0,Iowa
Jarron Collins,2350000,193.0,Florida
Jarvis Hayes,2564127,201.0,Georgia
Jarvis Varnado,788872,206.0,Virginia
Jason Caffey,5687500,203.0,Alabama
Jason Collier,1650000,193.0,Florida
Jason Collins,6200000,193.0,Florida
Jason Hart,2484000,190.0,California
Jason Kapono,6641440,203.0,California
Jason Kidd,21372000,193.0,California
Jason Lawson,242250,211.0,Pennsylvania
Jason Maxiell,5000000,201.0,Illinois
Jason Richardson,14444444,198.0,Michigan
Jason Sasser,2706,201.0,Texas
Jason Smith,5225000,211.0,Georgia
Jason Terry,11158000,188.0,Washington
Jason Thompson,6431250,185.0,New York
Jason Williams,8937500,206.0,South Carolina
Javaris Crittenton,1477920,196.0,Georgia
Jawad Williams,736420,206.0,South Carolina
Jawann Oldham,175000,213.0,Illinois
Jay Guidinger,250000,208.0,Wisconsin
Jay Humphries,1900000,190.0,California
Jay Williams,3710880,206.0,South Carolina
Jaylen Brown,4956480,193.0,California
Jayson Williams,15125000,206.0,South Carolina
Jeff Adrien,981084,201.0,Massachusetts
Jeff Foote,225341,213.0,New York
Jeff Foster,6655000,211.0,Texas
Jeff Grayer,950000,196.0,Michigan
Jeff Hornacek,4195000,190.0,Illinois
Jeff Malone,2380000,193.0,Alabama
Jeff Martin,210000,196.0,Arkansas
Jeff McInnis,3600000,193.0,North Carolina
Jeff Nordgaard,242000,201.0,Minnesota
Jeff Sanders,475000,203.0,Georgia
Jeff Teague,19000000,188.0,Indiana
Jeff Trepagnier,638679,193.0,California
Jeff Turner,1300000,206.0,Maine
Jeff Withey,1577320,213.0,California
Jeffrey Sheppard,385000,190.0,Georgia
Jelani McCoy,1110000,208.0,California
Jerald Honeycutt,460000,206.0,Louisiana
Jerami Grant,1524305,203.0,Oregon
Jerel McNeal,29843,190.0,Illinois
Jeremy Evans,1794872,206.0,Arkansas
Jeremy Lamb,7000000,196.0,Virginia
Jeremy Lin,12000000,190.0,California
Jeremy Pargo,1000000,188.0,Illinois
Jeremy Richardson,769431,198.0,Pennsylvania
Jeremy Tyler,884293,208.0,California
Jerian Grant,1713840,203.0,Oregon
Jermaine Jackson,771123,193.0,Michigan
Jermaine Taylor,780871,193.0,Arkansas
Jerome Allen,510000,193.0,Pennsylvania
Jerome Beasley,620046,208.0,California
Jerome James,6600000,213.0,Florida
Jerome Jordan,915243,213.0,Jamaica
Jerome Kersey,3608000,201.0,Virginia
Jerome Lane,640000,198.0,Ohio
Jerome Moiso,1760000,208.0,France
Jerome Williams,7639400,206.0,District of Columbia
Jerrelle Benimon,35000,203.0,Virginia
Jerrod Mustaf,1073000,208.0,North Carolina
Jerry Reynolds,1300000,203.0,New York
Jerry Stackhouse,8367187,198.0,North Carolina
Jerryd Bayless,9424084,190.0,Arizona
Jeryl Sasser,1125729,198.0,Texas
Jim Grandholm,115000,213.0,Indiana
Jim Jackson,4600000,198.0,Ohio
Jim Les,413000,180.0,Illinois
Jim McIlvaine,6000000,216.0,Wisconsin
Jim Paxson,225000,198.0,Indiana
Jim Petersen,1521000,208.0,Minnesota
Jimmer Fredette,2439840,188.0,New York
Jimmy Butler,19301070,201.0,Texas
Jimmy King,330000,188.0,Oklahoma
Jimmy Oliver,272250,196.0,Arkansas
Jiri Welsch,2177114,201.0,Czech Republic
Joakim Noah,17765000,211.0,New York
Jodie Meeks,6540000,193.0,Georgia
Joe Alexander,2583360,203.0,Taiwan
Joe Courtney,225000,203.0,Mississippi
Joe Crispin,48705,183.0,New Jersey
Joe Harris,1524305,198.0,Washington
Joe Ingles,14136364,203.0,Australia
Joe Johnson,24894863,201.0,Mississippi
Joe Kleine,1235000,211.0,Colorado
Joe Smith,6807000,213.0,Mississippi
Joe Stephens,88441,201.0,California
Joe Wolf,1000000,211.0,Wisconsin
Joe Young,1471382,188.0,Texas
Joel Anthony,3800000,206.0,Canada
Joel Bolomboy,1312611,206.0,Ukraine
Joel Embiid,6100266,213.0,Cameroon
Joel Freeland,3013512,208.0,United Kingdom
Joel Przybilla,6857725,216.0,Minnesota
Joey Dorsey,1015421,203.0,Maryland
Joey Graham,2449184,201.0,Delaware
Joffrey Lauvergne,1790280,211.0,France
Johan Petro,3500000,213.0,France
John Amaechi,2610000,208.0,Massachusetts
John Bagley,600000,183.0,Connecticut
John Battle,1330000,188.0,District of Columbia
John Celestand,301875,193.0,Texas
John Coker,510000,213.0,Washington
John Crotty,1000000,185.0,New Jersey
John Edwards,1000000,213.0,Ohio
John Henson,12517606,211.0,North Carolina
John Jenkins,1312920,193.0,Tennessee
John Long,272500,196.0,Michigan
John Lucas,1600000,190.0,North Carolina
John Morton,450000,190.0,New York
John Paxson,1600000,188.0,Ohio
John Salley,2652000,211.0,New York
John Salmons,8500000,201.0,Pennsylvania
John Shasky,250000,211.0,Michigan
John Starks,5112500,190.0,Oklahoma
John Thomas,832560,198.0,Georgia
John Turner,615000,203.0,District of Columbia
John Wall,18063850,193.0,North Carolina
John Wallace,2630000,203.0,New York
John Williams,1100000,188.0,Connecticut
Johnny Dawkins,2100000,188.0,District of Columbia
Johnny Newman,2000000,201.0,Virginia
Johnny Taylor,1037000,206.0,Tennessee
Jon Barry,3175000,193.0,California
Jon Brockman,1000000,201.0,Washington
Jon Koncak,2900000,213.0,Iowa
Jon Leuer,10991957,208.0,Minnesota
Jon Sundvold,335000,188.0,South Dakota
Jonas Jerebko,5000000,208.0,Sweden
Jonas Valanciunas,15460675,213.0,Lithuania
Jonathan Bender,7175000,211.0,Mississippi
Jonathan Gibson,680937,188.0,California
Jonathan Kerner,287500,211.0,Georgia
Jonathon Simmons,6300000,185.0,Alabama
Jonny Flynn,3414720,183.0,New York
Jordan Adams,1465080,196.0,Georgia
Jordan Clarkson,12500000,196.0,Florida
Jordan Crawford,2162419,196.0,Michigan
Jordan Farmar,4000000,188.0,California
Jordan Hamilton,1169880,178.0,Kentucky
Jordan Hill,9000000,208.0,Georgia
Jordan McRae,874636,198.0,Georgia
Jordan Mickey,1471382,203.0,Texas
Jordan Williams,762195,188.0,Connecticut
Jorge Garbajosa,4350000,206.0,Spain
Jorge Gutierrez,301444,190.0,Mexico
Jose Calderon,9780992,190.0,Spain
Joseph Forte,1080360,193.0,Georgia
Josh Akognon,788872,180.0,California
Josh Boone,2056968,208.0,Maryland
Josh Childress,7317500,203.0,California
Josh Davis,620046,188.0,Michigan
Josh Grant,150000,206.0,Utah
Josh Harrellson,884293,208.0,Missouri
Josh Howard,10890000,201.0,North Carolina
Josh Huestis,1471382,201.0,Texas
Josh McRoberts,6021175,208.0,Indiana
Josh Powell,1069609,206.0,South Carolina
Josh Richardson,1471382,198.0,Oklahoma
Josh Selby,762195,188.0,Maryland
Josh Smith,14000000,213.0,Mississippi
Jrue Holiday,25686667,193.0,California
Juan Dixon,2550000,190.0,Maryland
Juan Hernangomez,2076840,206.0,Spain
Jud Buechler,3600000,198.0,California
Julian Wright,2858057,203.0,Illinois
Julius Hodge,1234800,201.0,New York
Julius Nwosu,150000,208.0,Nigeria
Julius Randle,4149242,206.0,Texas
Julyan Stone,1524305,198.0,Virginia
Jumaine Jones,1687500,203.0,Florida
Junior Burrough,300000,203.0,North Carolina
Junior Harrington,695046,193.0,North Carolina
Justin Anderson,1579440,198.0,Virginia
Justin Hamilton,3000000,213.0,California
Justin Harper,762195,208.0,Virginia
Justin Holiday,4615385,198.0,California
Justin Reed,1573000,203.0,Mississippi
Justin Williams,261724,208.0,Illinois
Justise Winslow,2705040,201.0,Texas
Jusuf Nurkic,2947305,213.0,Bosnia and Herzegovina
Juwan Howard,20625000,206.0,Illinois
Kaniel Dickens,483938,203.0,Colorado
Kareem Rush,1097640,198.0,Missouri
Karl-Anthony Towns,6216840,213.0,New Jersey
Kawhi Leonard,18868625,201.0,California
Kay Felder,1312611,175.0,Michigan
Kebu Stewart,242000,203.0,New York
Kedrick Brown,2332388,201.0,Louisiana
Keith Appling,161776,185.0,Michigan
Keith Askins,725000,201.0,Alabama
Keith Benson,75000,208.0,Indiana
Keith Bogans,5058198,196.0,Virginia
Keith Booth,687240,198.0,Maryland
Keith Closs,1920000,221.0,Connecticut
Keith Jennings,350000,170.0,Virginia
Keith Langford,272316,193.0,Texas
Keith McLeod,1250000,188.0,Ohio
Keith Owens,250000,201.0,California
Keith Tower,263000,211.0,Montana
Kelenna Azubuike,3300000,196.0,United Kingdom
Kelly McCarty,287500,201.0,Illinois
Kelly Olynyk,10607169,213.0,Canada
Kelly Oubre,2093040,201.0,Louisiana
Kelly Tripucka,1000000,198.0,New Jersey
Kelvin Cato,8640000,211.0,Georgia
Kelvin Upshaw,250000,188.0,Illinois
Kemba Walker,12000000,203.0,Georgia
Ken Bannister,400000,206.0,Maryland
Ken Johnson,349458,203.0,Alabama
Ken Norman,3775000,203.0,Illinois
Kendall Gill,7000000,196.0,Illinois
Kendall Marshall,2144722,193.0,Virginia
Kendrick Perkins,9654342,208.0,Texas
Kennard Winchester,120000,196.0,Maryland
Kenneth Faried,12921348,203.0,New Jersey
Kenny Anderson,9185000,183.0,New York
Kenny Battle,350000,198.0,Illinois
Kenny Gattison,1450000,203.0,North Carolina
Kenny Payne,500000,203.0,Mississippi
Kenny Satterfield,332817,188.0,New York
Kenny Smith,2683000,190.0,New York
Kenny Thomas,8775000,201.0,Georgia
Kenny Walker,875000,203.0,Georgia
Kenny Williams,375000,188.0,New York
Kent Bazemore,16910113,196.0,North Carolina
Kentavious Caldwell-Pope,17745894,196.0,Georgia
Kenyon Martin,16545454,206.0,Michigan
Keon Clark,5000600,211.0,Illinois
Kerry Kittles,9566667,196.0,Ohio
Kevin Brooks,975000,198.0,South Carolina
Kevin Duckworth,2863000,213.0,Illinois
Kevin Durant,26540100,206.0,District of Columbia
Kevin Edwards,2640000,190.0,Ohio
Kevin Gamble,1868750,196.0,Illinois
Kevin Garnett,28000000,211.0,South Carolina
Kevin Johnson,8000000,203.0,Alabama
Kevin Jones,390027,203.0,New York
Kevin Love,22642350,208.0,California
Kevin Lynch,325000,196.0,Minnesota
Kevin Martin,12439675,206.0,Michigan
Kevin Murphy,473604,196.0,Georgia
Kevin Ollie,3196050,193.0,Texas
Kevin Pritchard,185000,190.0,Indiana
Kevin Salvadori,300000,213.0,West Virginia
Kevin Seraphin,3898692,206.0,French Guiana
Kevin Thompson,150000,211.0,North Carolina
Kevin Willis,3650000,188.0,New York
Kevon Looney,1471382,206.0,Wisconsin
Keyon Dooling,3596000,190.0,Florida
Khalid El-Amin,465850,178.0,Minnesota
Khalid Reeves,2002000,190.0,New York
Khris Middleton,15200000,203.0,South Carolina
Kiki Vandeweghe,1025000,203.0,Germany
Kirk Haston,1360080,206.0,Tennessee
Kirk Hinrich,11250000,193.0,Iowa
Kirk Penney,8950,196.0,New Zealand
Kirk Snyder,2358433,198.0,California
Klay Thompson,17826150,201.0,California
Kobe Bryant,30453805,198.0,Pennsylvania
Korleone Young,287500,201.0,Kansas
Kosta Koufos,8393000,213.0,Ohio
Kosta Perovic,1800000,218.0,Croatia
Kostas Papanikolaou,4800000,203.0,Greece
Kris Dunn,4046760,193.0,Connecticut
Kris Humphries,12000000,206.0,Minnesota
Kristaps Porzingis,4503600,221.0,Latvia
Kurk Lee,120000,190.0,Maryland
Kurt Rambis,1100000,203.0,California
Kurt Thomas,8091188,206.0,Texas
Kwame Brown,9075000,211.0,South Carolina
Kyle Anderson,2151704,206.0,New York
Kyle Korver,7000000,201.0,California
Kyle Lowry,28703704,183.0,Pennsylvania
Kyle Singler,5000000,203.0,Oregon
Kyle Weaver,870968,198.0,Wisconsin
Kyrie Irving,18868625,190.0,Australia
Kyrylo Fesenko,1087500,216.0,Ukraine
LaBradford Smith,940000,203.0,Mississippi
LaMarcus Aldridge,21461010,211.0,Texas
LaPhonso Ellis,3650000,203.0,Illinois
LaSalle Thompson,2000000,208.0,Ohio
Lamar Odom,14148596,208.0,New York
Lamar Patterson,525093,196.0,Pennsylvania
Lamond Murray,5250000,201.0,California
Lamont Strothers,150000,193.0,Virginia
Lanard Copeland,130000,198.0,Georgia
Lance Blanks,365000,193.0,Texas
Lance Stephenson,9000000,196.0,New York
Lance Thomas,6655325,203.0,New York
Landry Fields,6250000,201.0,California
Langston Galloway,6666667,188.0,Louisiana
Lari Ketner,423500,206.0,Pennsylvania
Laron Profit,745248,196.0,South Carolina
Larry Drew,600000,185.0,Kansas
Larry Hughes,13655268,196.0,Missouri
Larry Johnson,11335714,190.0,Kentucky
Larry Krystkowiak,644000,206.0,Montana
Larry Nance,2840000,208.0,South Carolina
Larry Owens,86052,201.0,Arizona
Larry Robinson,715850,190.0,Louisiana
Larry Sanders,11000000,211.0,Florida
Larry Smith,997000,203.0,Mississippi
Larry Stewart,700000,203.0,Pennsylvania
Latrell Sprewell,14625000,196.0,Wisconsin
Lavor Postell,587435,196.0,Georgia
Lavoy Allen,4000000,206.0,Pennsylvania
Lawrence Funderburke,3600000,206.0,Ohio
Lawrence Moten,321000,196.0,District of Columbia
Lawrence Roberts,664209,206.0,Texas
Lazar Hayward,1097520,198.0,New York
Lazaro Borrell,301875,203.0,Cuba
LeBron James,33285709,203.0,Ohio
LeRon Ellis,400000,208.0,New York
Leandro Barbosa,7600000,190.0,Brazil
Ledell Eackles,780000,196.0,Louisiana
Lee Mayberry,1540000,185.0,Oklahoma
Lee Nailon,835810,206.0,Indiana
Leon Powe,915852,203.0,California
Leon Smith,517360,208.0,Illinois
Les Jepsen,505000,213.0,North Dakota
Lester Conner,900000,193.0,Tennessee
Lester Hudson,199185,190.0,Tennessee
Linas Kleiza,4995000,203.0,Lithuania
Lindsey Hunter,3870912,188.0,Mississippi
Linton Johnson,771331,203.0,Illinois
Lionel Chalmers,682050,183.0,New York
Lionel Simmons,4238500,201.0,Pennsylvania
Litterial Green,250000,185.0,Mississippi
Lloyd Daniels,250000,201.0,New York
Lonny Baxter,745248,203.0,Maryland
Loren Meyer,722760,208.0,Iowa
Loren Woods,780000,216.0,Missouri
Lorenzen Wright,7700000,188.0,New Jersey
Lorenzo Brown,283367,196.0,Georgia
Lorenzo Williams,2068000,206.0,Florida
Lou Amundson,1650000,206.0,California
Lou Roe,247500,201.0,New Jersey
Lou Williams,7000000,206.0,Florida
Loy Vaught,5364964,206.0,Michigan
Luc Longley,6900000,218.0,Australia
Lucas Nogueira,2947305,213.0,Brazil
Lucious Harris,2640000,196.0,California
Luigi Datome,1750000,203.0,Italy
Luis Flores,385277,188.0,Dominican Republic
Luis Montero,525093,201.0,Dominican Republic
Luis Scola,8591793,206.0,Argentina
Luke Babbitt,1974159,206.0,Ohio
Luke Harangody,1054389,203.0,Illinois
Luke Jackson,1955160,206.0,Texas
Luke Ridnour,6500000,188.0,Idaho
Luke Schenscher,55000,216.0,Australia
Luke Walton,6091363,203.0,California
Luke Zeller,473604,211.0,Iowa
Luol Deng,18000000,206.0,South Sudan
Luther Head,1962378,190.0,Illinois
Luther Wright,845000,218.0,New Jersey
Lynn Greer,664209,188.0,Pennsylvania
Maalik Wayns,217301,188.0,Pennsylvania
Maceo Baston,2272860,206.0,Texas
Maciej Lampe,900000,211.0,Poland
Mahmoud Abdul-Rauf,3300000,188.0,Delaware
Malachi Richardson,1504560,198.0,New Jersey
Malcolm Brogdon,1312611,196.0,Georgia
Malcolm Delaney,2500000,190.0,Maryland
Malcolm Lee,884293,196.0,California
Malcolm Mackey,550000,206.0,Tennessee
Malcolm Thomas,474000,206.0,Missouri
Malik Allen,1950625,208.0,New Jersey
Malik Beasley,1700640,196.0,Georgia
Malik Hairston,736420,198.0,Michigan
Malik Rose,7647500,201.0,Pennsylvania
Malik Sealy,1732000,203.0,New York
Manny Harris,473604,196.0,Michigan
Manu Ginobili,14107492,198.0,Argentina
Manute Bol,1650000,231.0,South Sudan
MarShon Brooks,1210080,196.0,New Jersey
Marc Gasol,22642350,216.0,Spain
Marc Jackson,4875000,185.0,New York
Marcelo Huertas,1500000,190.0,Brazil
Marcin Gortat,12782609,211.0,Poland
Marco Belinelli,6606060,196.0,Italy
Marcus Banks,4847586,188.0,Nevada
Marcus Brown,500000,190.0,Arkansas
Marcus Camby,11749832,211.0,Connecticut
Marcus Fizer,3726994,206.0,Michigan
Marcus Georges-Hunt,1312611,196.0,Florida
Marcus Haislip,1547280,208.0,Tennessee
Marcus Landry,457588,201.0,Wisconsin
Marcus Liberty,650000,203.0,Illinois
Marcus Smart,4538020,193.0,Texas
Marcus Thornton,8575000,193.0,Louisiana
Marcus Webb,140000,206.0,Alabama
Marcus Williams,1180200,185.0,Mississippi
Mardy Collins,1867742,198.0,Pennsylvania
Mario Bennett,630000,198.0,Texas
Mario Chalmers,4300000,188.0,Alaska
Mario Elie,1925000,196.0,New York
Mario Hezonja,4078320,203.0,Croatia
Mario Kasun,919551,216.0,Croatia
Mario West,711517,208.0,Virginia
Mark Acres,547000,211.0,California
Mark Aguirre,1471000,198.0,Illinois
Mark Alarie,550000,203.0,Arizona
Mark Blount,7962500,213.0,New York
Mark Bradtke,247500,208.0,Australia
Mark Bryant,2250000,206.0,New Jersey
Mark Davis,326700,198.0,Virginia
Mark Eaton,2000000,224.0,California
Mark Hendrickson,425000,206.0,Washington
Mark Jackson,3860000,185.0,New York
Mark Macon,1767000,196.0,Michigan
Mark Madsen,2840000,206.0,California
Mark Pope,751179,208.0,Nebraska
Mark Price,5488000,183.0,Oklahoma
Mark Randall,1200000,203.0,Minnesota
Mark Strickland,2400000,206.0,Georgia
Mark West,2000000,208.0,Virginia
Markel Brown,845059,190.0,Arkansas
Marko Jaric,7625000,201.0,Serbia
Marko Milic,350000,198.0,Slovenia
Marlon Garnett,287500,188.0,California
Marlon Maxey,375000,203.0,Illinois
Marques Bragg,225000,203.0,New Jersey
Marquese Chriss,3073800,208.0,California
Marquis Daniels,6864200,198.0,Florida
Marquis Teague,1120920,188.0,Indiana
Marreese Speights,4200000,208.0,Florida
Marshall Plumlee,543471,211.0,Indiana
Martell Webster,5613500,216.0,Maryland
Martin Lewis,200000,196.0,Kansas
Martin Muursepp,763200,206.0,Estonia
Marty Conlon,1200000,208.0,New York
Martynas Andriuskevicius,664209,218.0,Lithuania
Marvin Williams,13168750,185.0,Mississippi
Mason Plumlee,14041096,211.0,Indiana
Mateen Cleaves,1441440,188.0,Michigan
Matt Barnes,6125000,203.0,Rhode Island
Matt Bonner,3945000,208.0,New Hampshire
Matt Bullard,2100000,208.0,Iowa
Matt Carroll,5050000,198.0,Pennsylvania
Matt Fish,247500,211.0,Iowa
Matt Freije,352388,208.0,Kansas
Matt Geiger,8142160,213.0,Massachusetts
Matt Harpring,6500000,201.0,Ohio
Matt Maloney,3237500,190.0,Maryland
Matt Othick,13000,188.0,New Mexico
Matt Walsh,38904,198.0,Pennsylvania
Matt Wenstrom,150000,216.0,Minnesota
Matthew Dellavedova,9607500,193.0,Australia
Maurice Ager,1042440,196.0,Michigan
Maurice Cheeks,1000000,185.0,Illinois
Maurice Evans,2500000,196.0,Kansas
Maurice Harkless,10162922,206.0,New York
Maurice Ndour,543471,206.0,Senegal
Maurice Taylor,9100000,206.0,Michigan
Mehmet Okur,10890000,211.0,Turkey
Melvin Ely,3303813,208.0,Illinois
Mengke Bateer,636679,211.0,China
Meyers Leonard,9904495,216.0,Virginia
Michael Adams,1309000,178.0,Connecticut
Michael Ansley,200000,201.0,Alabama
Michael Beasley,6262347,206.0,Maryland
Michael Bradley,1292040,208.0,Massachusetts
Michael Cage,2350000,206.0,Arkansas
Michael Carter-Williams,3183526,198.0,Massachusetts
Michael Curry,2800000,196.0,Alabama
Michael Dickerson,6187500,196.0,South Carolina
Michael Doleac,3120000,211.0,Texas
Michael Finley,18593750,201.0,Illinois
Michael Gbinije,650000,201.0,Connecticut
Michael Hawkins,423500,183.0,Ohio
Michael Kidd-Gilchrist,13000000,201.0,Pennsylvania
Michael Olowokandi,6061213,213.0,Nigeria
Michael Redd,18300000,198.0,Ohio
Michael Ruffin,1803600,206.0,Colorado
Michael Smith,2400000,208.0,New York
Michael Stewart,4800000,208.0,France
Micheal Williams,2775000,188.0,Washington
Mickael Gelabale,802000,201.0,Guadeloupe
Mickael Pietrus,5300000,198.0,Guadeloupe
Mickell Gladness,248263,211.0,Alabama
Mike Batiste,349458,203.0,California
Mike Bibby,14983603,185.0,New Jersey
Mike Brown,1375000,206.0,New Jersey
Mike Conley,28530608,185.0,Arkansas
Mike Dunleavy,10561984,190.0,New York
Mike Gminski,1850000,211.0,Connecticut
Mike Hall,135895,203.0,Illinois
Mike Harris,64978,198.0,Texas
Mike Holton,400000,193.0,Washington
Mike Iuzzolino,241000,178.0,Pennsylvania
Mike James,6466600,188.0,New York
Mike Miller,9750000,203.0,South Dakota
Mike Muscala,5000000,211.0,Minnesota
Mike Penberthy,316969,190.0,California
Mike Peplowski,247500,208.0,Michigan
Mike Sanders,1100000,198.0,Louisiana
Mike Scott,3333334,203.0,Virginia
Mike Smith,316969,208.0,New York
Mike Smrek,325000,213.0,Canada
Mike Sweetney,2696956,203.0,Maryland
Mike Taylor,500000,188.0,Illinois
Mike Tobey,138938,213.0,New York
Mike Wilks,998398,178.0,Wisconsin
Mike Woodson,658000,196.0,Indiana
Mikki Moore,5632200,211.0,South Carolina
Mile Ilic,864000,216.0,Bosnia and Herzegovina
Miles Plumlee,12500000,211.0,Indiana
Miles Simon,287500,190.0,Sweden
Milos Babic,200000,213.0,Serbia
Milt Palacio,1400000,190.0,California
Mindaugas Kuzminskas,3025035,206.0,Lithuania
Miroslav Raduljica,300000,213.0,Serbia
Mirsad Turkcan,739400,206.0,Serbia
Mirza Teletovic,10500000,206.0,Bosnia and Herzegovina
Mitch McGary,1526040,208.0,Indiana
Mitchell Butler,876179,188.0,Tennessee
Mitchell Wiggins,335000,193.0,North Carolina
Mo Williams,9300000,203.0,Virginia
Monta Ellis,11000000,190.0,Mississippi
Montrezl Harrell,1471382,203.0,North Carolina
Monty Williams,1235000,203.0,Virginia
Moochie Norris,4200000,185.0,District of Columbia
Mookie Blaylock,5400000,183.0,Texas
Morlon Wiley,347000,193.0,Louisiana
Morris Almond,1081440,198.0,Georgia
Morris Peterson,6212960,201.0,Michigan
Muggsy Bogues,2800000,160.0,Maryland
Mustafa Shakur,89670,190.0,Pennsylvania
Mychal Thompson,1807000,208.0,Bahamas
Mychel Thompson,168035,208.0,Bahamas
Myles Turner,2569920,211.0,Texas
Myron Brown,200000,190.0,Pennsylvania
Nate Huffman,1760000,216.0,Michigan
Nate McMillan,3500000,196.0,North Carolina
Nate Robinson,4500000,175.0,Washington
Nate Wolters,816482,193.0,Minnesota
Nathan Jawai,736420,208.0,Australia
Nazr Mohammed,6883800,208.0,Illinois
Ndudi Ebi,964320,206.0,United Kingdom
Negele Knight,496000,185.0,Michigan
Nemanja Bjelica,4000000,208.0,Serbia
Nemanja Nedovic,1104240,190.0,Serbia
Nenad Krstic,5543116,213.0,Serbia
Nene Hilario,13000000,211.0,Brazil
Nerlens Noel,4384490,211.0,Massachusetts
Nick Anderson,6101906,198.0,Illinois
Nick Calathes,816482,198.0,Florida
Nick Collison,13250000,208.0,Iowa
Nick Fazekas,427163,211.0,Colorado
Nick Johnson,980431,190.0,Arizona
Nick Young,5600000,201.0,California
Nicolas Batum,22434783,203.0,France
Nicolas Brussino,1312611,201.0,Argentina
Nicolas Laprovittola,210995,193.0,Argentina
Nik Stauskas,3807146,198.0,Canada
Nikola Jokic,1471382,208.0,Serbia
Nikola Mirotic,12500000,208.0,Montenegro
Nikola Pekovic,12100000,211.0,Montenegro
Nikola Vucevic,12250000,213.0,Switzerland
Nikoloz Tskitishvili,2720760,213.0,Georgia
Noah Vonleh,3505233,208.0,Massachusetts
Nolan Smith,1404960,188.0,Kentucky
Norm Richardson,332817,196.0,New York
Norman Powell,1471382,193.0,California
Norris Cole,3036927,188.0,Ohio
Obinna Ekezie,688679,206.0,Nigeria
Ognjen Kuzmic,816482,216.0,Bosnia and Herzegovina
Okaro White,1312611,203.0,Florida
Olden Polynice,3610000,211.0,Haiti
Oleksiy Pecherov,1547640,213.0,Ukraine
Oliver Miller,2372000,206.0,Texas
Olumide Oyedeji,587435,208.0,Nigeria
Omar Cook,292230,185.0,New York
Omer Asik,11000000,213.0,Turkey
Omri Casspi,3000000,206.0,Israel
Orien Greene,398762,193.0,Florida
Orlando Johnson,788872,196.0,California
Orlando Woolridge,2367000,206.0,Louisiana
Oscar Torres,332817,198.0,Venezuela
Othella Harrington,3500000,206.0,Mississippi
Othello Hunter,442114,203.0,North Carolina
Otis Smith,525000,196.0,Florida
Otis Thorpe,7000000,206.0,Florida
Otto Porter,24773250,203.0,Missouri
Pablo Prigioni,1662961,190.0,Argentina
Pape Sow,744551,208.0,Senegal
Pape Sy,473604,201.0,France
Pascal Siakam,1312611,206.0,Cameroon
Pat Burke,810000,211.0,Ireland
Pat Connaughton,1471382,196.0,Massachusetts
Pat Garrity,3818750,206.0,Nevada
Patricio Garino,100000,198.0,Argentina
Patrick Beverley,6500000,185.0,Illinois
Patrick Eddie,130000,211.0,Wisconsin
Patrick Ewing,20500000,213.0,Jamaica
Patrick McCaw,1312611,201.0,Missouri
Patrick Patterson,6268675,206.0,District of Columbia
Patty Mills,10714286,203.0,Louisiana
Pau Gasol,19285850,213.0,Spain
Paul Davis,687456,211.0,Michigan
Paul George,19508958,206.0,California
Paul Graham,600000,198.0,Pennsylvania
Paul Grant,1021080,213.0,Pennsylvania
Paul McPherson,316969,193.0,Illinois
Paul Millsap,31269231,203.0,Louisiana
Paul Mokeski,100000,213.0,Washington
Paul Pierce,19795712,201.0,California
Paul Pressey,1000000,196.0,Virginia
Paul Shirley,29832,208.0,Kansas
Paul Zipser,1312611,203.0,Germany
Pavel Podkolzin,1141560,226.0,Russia
Peja Stojakovic,14896000,206.0,Croatia
Pepe Sanchez,663679,193.0,Argentina
Pero Antic,1250000,211.0,FYR Macedonia
Perry Jones,2038206,211.0,Louisiana
Pervis Ellison,2750000,206.0,Georgia
Pete Chilcutt,760000,208.0,South Carolina
Pete Myers,600000,198.0,Alabama
Peyton Siva,100000,183.0,Washington
Phil Pressey,816482,180.0,Texas
Pierre Jackson,750000,178.0,Nevada
Pooh Richardson,3030000,185.0,Pennsylvania
Popeye Jones,2812500,203.0,Tennessee
Pops Mensah-Bonsu,364461,206.0,United Kingdom
Predrag Drobnjak,2550000,211.0,Montenegro
Predrag Savovic,349458,198.0,Croatia
Priest Lauderdale,712200,224.0,Illinois
Primoz Brezec,2750000,218.0,Slovenia
Quentin Richardson,9352400,198.0,Illinois
Quincy Acy,1914544,201.0,Texas
Quincy Douby,1427040,190.0,New York
Quincy Lewis,1070280,201.0,Arkansas
Quincy Miller,788872,206.0,Illinois
Quincy Pondexter,3853931,201.0,California
Quinn Cook,100000,188.0,District of Columbia
Quintin Dailey,425000,190.0,Maryland
Quinton Ross,1146337,198.0,Texas
Qyntel Woods,1127280,203.0,Tennessee
Radisav Curcic,140000,208.0,Serbia
Raef LaFrentz,12722500,211.0,Iowa
Rafael Addison,522000,201.0,New Jersey
Rafael Araujo,2238960,211.0,Brazil
Rafer Alston,4900000,188.0,New York
Raja Bell,5250000,196.0,U.S. Virgin Islands
Rajon Rondo,14000000,185.0,Kentucky
Rakeem Christmas,1052342,206.0,New Jersey
Ramon Sessions,6000000,190.0,South Carolina
Randell Jackson,287500,188.0,California
Randolph Childress,866320,188.0,District of Columbia
Randolph Keys,363000,201.0,Mississippi
Randolph Morris,855189,208.0,Texas
Randy Breuer,1250000,221.0,Minnesota
Randy Brown,2700000,203.0,Georgia
Randy Foye,4250000,193.0,New Jersey
Randy Holcomb,52033,206.0,Illinois
Randy Livingston,287500,193.0,Louisiana
Randy White,930000,203.0,Louisiana
Randy Wittman,550000,198.0,Indiana
Randy Woods,800000,178.0,Pennsylvania
Rashad McCants,2620126,193.0,North Carolina
Rashad Vaughn,1889040,198.0,Minnesota
Rashard Lewis,21136631,198.0,Pennsylvania
Rasheed Wallace,17000000,208.0,Pennsylvania
Rasho Nesterovic,8400000,213.0,Slovenia
Rastko Cvetkovic,200000,216.0,Serbia
Rasual Butler,3945000,201.0,Pennsylvania
Ratko Varda,332817,216.0,Bosnia and Herzegovina
Raul Lopez,1744313,185.0,Spain
Raul Neto,1471382,185.0,Brazil
Rawle Marshall,398762,206.0,Guyana
Ray Allen,18776860,203.0,Florida
Ray McCallum,947276,190.0,Wisconsin
Ray Owes,220000,206.0,California
Raymond Felton,7560000,185.0,South Carolina
Reece Gaines,1556160,198.0,Wisconsin
Reggie Bullock,2500000,201.0,Maryland
Reggie Evans,5080000,203.0,Florida
Reggie Geary,272250,188.0,New Jersey
Reggie Jackson,16000000,190.0,Italy
Reggie Jordan,510000,193.0,Illinois
Reggie Lewis,3340000,201.0,Maryland
Reggie Slater,673500,201.0,Texas
Reggie Smith,358000,208.0,California
Reggie Theus,765000,201.0,California
Reggie Williams,2048000,201.0,Maryland
Renaldo Balkman,2112417,203.0,New York
Renaldo Major,20133,201.0,Illinois
Rex Chapman,3850000,193.0,Kentucky
Rex Walters,1625000,193.0,Nebraska
Rich King,800000,218.0,Nebraska
Rich Manning,247500,211.0,Washington
Richard Coffey,150000,198.0,North Carolina
Richard Hamilton,12500000,198.0,Pennsylvania
Richard Jefferson,14200000,201.0,California
Richard Petruska,150000,208.0,Slovakia
Richaun Holmes,1471382,208.0,Illinois
Richie Frahm,719373,196.0,Washington
Rick Brunson,1029873,193.0,New York
Rick Calloway,125000,198.0,Ohio
Rick Fox,4800000,201.0,Canada
Rick Hughes,115423,196.0,Illinois
Rick Mahorn,1330000,208.0,Connecticut
Rickey Green,315000,183.0,Illinois
Ricky Blanton,8000,201.0,Florida
Ricky Davis,6819000,198.0,Nevada
Ricky Ledo,816482,201.0,Rhode Island
Ricky Pierce,2500000,193.0,Texas
Ricky Rubio,14275000,193.0,Spain
Rik Smits,4000000,224.0,Netherlands
Robbie Hummel,880000,203.0,Indiana
Robert Archibald,563679,211.0,United Kingdom
Robert Covington,16698103,206.0,Illinois
Robert Horry,6000000,206.0,Alabama
Robert Pack,4320000,188.0,Louisiana
Robert Reid,130000,203.0,Georgia
Robert Sacre,981348,213.0,Louisiana
Robert Swift,3579131,213.0,California
Robert Traylor,2793505,203.0,Michigan
Robert Werdann,250000,211.0,New York
Robert Whaley,398762,208.0,Michigan
Robin Lopez,13788500,213.0,California
Rod Higgins,550000,201.0,Louisiana
Rod Strickland,10000000,196.0,Florida
Rodney Buford,745046,196.0,Wisconsin
Rodney Carney,1655760,201.0,Tennessee
Rodney Hood,2386864,203.0,Mississippi
Rodney McCray,1075000,201.0,New York
Rodney McGruder,1312611,193.0,Maryland
Rodney Monroe,217000,190.0,Maryland
Rodney Rogers,3075600,201.0,North Carolina
Rodney Stuckey,8500000,196.0,Washington
Rodney White,1947600,203.0,Alabama
Rodrick Rhodes,639300,198.0,New Jersey
Rodrigue Beaubois,2227333,183.0,Guadeloupe
Roger Mason,3780000,196.0,District of Columbia
Roko Ukic,1250000,196.0,Croatia
Rolando Blackman,1995000,198.0,Panama
Ron Anderson,1000000,201.0,Illinois
Ron Baker,4328000,193.0,Kansas
Ron Grandison,272250,198.0,California
Ron Harper,5280000,198.0,Ohio
Ron Mercer,6750000,201.0,Tennessee
Ronald Dupree,826046,201.0,Mississippi
Ronald Murray,1990000,193.0,Pennsylvania
Rondae Hollis-Jefferson,1471382,201.0,Pennsylvania
Ronnie Brewer,4790000,193.0,Arkansas
Ronnie Price,2557545,188.0,Texas
Ronny Turiaf,4360000,208.0,Martinique
Rony Seikaly,4252000,211.0,Lebanon
Rory Sparrow,300000,188.0,Virginia
Roshown McLeod,1509001,203.0,New Jersey
Roy Hibbert,15500000,218.0,New York
Roy Hinson,1445000,206.0,New Jersey
Roy Rogers,862560,201.0,North Carolina
Roy Tarpley,3000000,211.0,New York
Royal Ivey,1223166,190.0,New York
Royce White,1719480,203.0,Alabama
Ruben Boumtje-Boumtje,663679,213.0,Cameroon
Ruben Garces,316969,206.0,Panama
Ruben Patterson,6807000,196.0,Ohio
Ruben Wolkowyski,587435,208.0,Argentina
Rudy Fernandez,2180443,198.0,Spain
Rudy Gay,19317325,203.0,New York
Rudy Gobert,21974719,216.0,France
Rumeal Robinson,1240000,188.0,Jamaica
Russ Smith,816482,183.0,New York
Russell Westbrook,28530608,190.0,California
Rusty LaRue,350000,188.0,North Carolina
Ryan Anderson,19578455,208.0,California
Ryan Bowen,1250000,201.0,Iowa
Ryan Gomes,4000000,201.0,Connecticut
Ryan Hollins,2483333,213.0,California
Ryan Humphrey,1223160,203.0,Oklahoma
Ryan Kelly,1724250,211.0,New York
Ryan Reid,475000,203.0,Florida
Ryan Robertson,301875,196.0,Oklahoma
Ryan Stack,385000,211.0,Tennessee
Salah Mejri,1471382,216.0,Tunisia
Salim Stoudamire,783000,185.0,Oregon
Sam Bowie,3200000,216.0,Pennsylvania
Sam Cassell,6875000,190.0,Maryland
Sam Dekker,1794600,206.0,Wisconsin
Sam Jacobson,721080,193.0,Minnesota
Sam Mack,545000,201.0,Illinois
Sam Mitchell,2370000,198.0,Georgia
Sam Perkins,4126600,206.0,New York
Sam Vincent,1510000,188.0,Michigan
Sam Young,947800,198.0,District of Columbia
Samaki Walker,2716667,206.0,Ohio
Samardo Samuels,762195,206.0,Jamaica
Samuel Dalembert,13428129,211.0,Haiti
Sarunas Jasikevicius,4000000,193.0,Lithuania
Sasha Danilovic,1892000,196.0,Bosnia and Herzegovina
Sasha Kaun,1333420,211.0,Russia
Sasha Vujacic,5475113,201.0,Slovenia
Scot Pollard,6274937,211.0,Utah
Scott Brooks,750000,180.0,California
Scott Burrell,1430000,201.0,Connecticut
Scott Haffner,75000,190.0,Indiana
Scott Haskin,1313000,211.0,California
Scott Hastings,600000,208.0,Kansas
Scott Meents,300000,208.0,Illinois
Scott Padgett,1670000,206.0,Kentucky
Scott Skiles,2125000,185.0,Indiana
Scott Williams,4650000,208.0,California
Sean Elliott,5433333,203.0,Arizona
Sean Green,400000,196.0,California
Sean Higgins,500000,206.0,California
Sean Kilpatrick,1524305,193.0,New York
Sean Lampley,349458,201.0,Illinois
Sean Marks,1187686,208.0,New Zealand
Sean May,884881,206.0,Illinois
Sean Rooks,2640000,208.0,New York
Sean Williams,1629120,208.0,Texas
Sebastian Telfair,2700000,183.0,New York
Sedale Threatt,2400000,188.0,Georgia
Sedric Toney,150000,188.0,Mississippi
Semaj Christon,543471,190.0,Ohio
Semih Erden,762195,213.0,Turkey
Serge Ibaka,20061729,208.0,Republic of the Congo
Sergei Bazarevich,168000,188.0,Russia
Sergei Monia,1016400,203.0,Russia
Sergey Karasev,1599840,201.0,Russia
Sergio Rodriguez,8000000,190.0,Spain
Seth Curry,3028410,188.0,North Carolina
Shabazz Muhammad,3046299,198.0,California
Shabazz Napier,2361360,185.0,Massachusetts
Shammond Williams,2000000,185.0,New York
Shandon Anderson,7900000,198.0,Georgia
Shane Battier,7354500,203.0,Michigan
Shane Heal,384000,183.0,Australia
Shane Larkin,1606080,180.0,Ohio
Shannon Brown,3500000,193.0,Illinois
Shareef Abdur-Rahim,14625000,206.0,Georgia
Sharone Wright,3500000,211.0,Georgia
Shaun Livingston,7692308,201.0,Illinois
Shavlik Randolph,1227985,208.0,North Carolina
Shawn Bradley,8370000,229.0,Germany
Shawn Kemp,14941935,208.0,Indiana
Shawn Long,96969,206.0,Louisiana
Shawn Marion,17810000,201.0,Illinois
Shawn Respert,1602120,185.0,Michigan
Shawne Williams,3000000,185.0,New York
Shawnelle Scott,590850,208.0,New York
Shayne Whittington,845059,211.0,Michigan
Shea Seals,385000,196.0,Oklahoma
Shelden Williams,3395760,185.0,New York
Sheldon McClellan,543471,196.0,Texas
Shelvin Mack,6000000,190.0,Kentucky
Sherell Ford,670800,201.0,Louisiana
Sherman Douglas,4025000,183.0,District of Columbia
Sidney Green,1512000,188.0,New York
Sidney Moncrief,510000,190.0,Arkansas
Sim Bhullar,29843,226.0,Canada
Skal Labissiere,1312611,211.0,Haiti
Slavko Vranes,129768,226.0,Serbia
Sleepy Floyd,1700000,190.0,North Carolina
Smush Parker,2250000,193.0,New York
Solomon Alabi,830000,216.0,Nigeria
Solomon Hill,12236535,201.0,California
Solomon Jones,1620000,208.0,Florida
Sonny Weems,2800000,198.0,Arkansas
Soumaila Samake,465850,213.0,Mali
Speedy Claxton,6854546,180.0,New York
Spencer Dinwiddie,1524305,198.0,California
Spencer Hawes,8500000,216.0,Washington
Spud Webb,2071600,168.0,Texas
Stacey Augmon,3450000,203.0,California
Stacey King,1600000,211.0,Oklahoma
Stan Kimbrough,133000,180.0,Alabama
Stanislav Medvedenko,3000000,208.0,Ukraine
Stanley Johnson,3097800,203.0,Pennsylvania
Stanley Roberts,3750000,213.0,South Carolina
Stefano Rusconi,415000,206.0,Italy
Stephane Lasme,48056,203.0,Gabon
Stephen Curry,34682550,190.0,Ohio
Stephen Graham,992680,198.0,Delaware
Stephen Howard,272250,206.0,Texas
Stephen Jackson,10059750,190.0,Alabama
Stephen Zimmerman,1312611,213.0,Tennessee
Stephon Marbury,20840625,188.0,New York
Steve Alford,250000,188.0,Indiana
Steve Bardo,150000,196.0,Kentucky
Steve Blake,4930000,190.0,Florida
Steve Colter,300000,190.0,Arizona
Steve Francis,17180000,190.0,Maryland
Steve Goodrich,465850,208.0,Pennsylvania
Steve Hamer,220000,213.0,Tennessee
Steve Henson,350000,180.0,Kansas
Steve Kerr,2625000,190.0,Lebanon
Steve Nash,13125000,190.0,South Africa
Steve Novak,4054055,208.0,Illinois
Steve Scheffler,330000,206.0,Michigan
Steve Smith,9900000,201.0,Michigan
Steven Adams,22471910,213.0,New Zealand
Steven Hill,148238,213.0,Kansas
Steven Hunter,3862600,213.0,Illinois
Steven Smith,161061,201.0,Michigan
Stojko Vrankovic,4060000,218.0,Croatia
Stromile Swift,6200000,206.0,Louisiana
Stuart Gray,520000,213.0,Panama
Sun Yue,442114,206.0,China
Sundiata Gaines,854389,185.0,New York
Taj Gibson,14000000,206.0,New York
Tamar Slay,563679,203.0,West Virginia
Tang Hamilton,60881,203.0,Mississippi
Tarence Kinsey,797581,198.0,Florida
Tarik Black,6191000,206.0,Tennessee
Tariq Abdul-Wahad,6750000,198.0,France
Tate George,626000,196.0,New Jersey
Taurean Green,427163,183.0,Florida
Taylor Griffin,457588,201.0,Oklahoma
Tayshaun Prince,10324380,206.0,California
Tellis Frank,200000,208.0,Indiana
Terence Morris,835810,206.0,Maryland
Terrance Roberson,316969,201.0,Michigan
Terrel Harris,473604,196.0,Texas
Terrell Brandon,11100000,180.0,Oregon
Terrence Jones,2489530,206.0,Oregon
Terrence Rencher,200000,190.0,New York
Terrence Ross,10500000,201.0,Oregon
Terrence Williams,2369040,198.0,Washington
Terry Catledge,1386000,203.0,Mississippi
Terry Cummings,2600000,206.0,Illinois
Terry Davis,2300000,206.0,Virginia
Terry Dehere,1905000,188.0,New York
Terry Mills,2457000,208.0,Michigan
Terry Porter,2600000,190.0,Wisconsin
Terry Rozier,1988520,188.0,Ohio
Terry Teagle,700000,196.0,Texas
Thabo Sefolosha,5250000,201.0,Switzerland
Thaddeus Young,14796348,203.0,Louisiana
Thanasis Antetokounmpo,105888,201.0,Greece
Tharon Mayes,130000,190.0,Connecticut
Theo Ratliff,11666666,208.0,Alabama
Theron Smith,366931,203.0,Florida
Thomas Gardner,711517,196.0,Oregon
Thomas Hamilton,510000,218.0,Illinois
Thomas Robinson,3678360,208.0,District of Columbia
Thurl Bailey,1000000,211.0,District of Columbia
Tiago Splitter,10000000,211.0,Brazil
Tibor Pleiss,3000000,221.0,Germany
Tierre Brown,720046,188.0,Louisiana
Tim Breaux,272250,201.0,Louisiana
Tim Duncan,22183220,211.0,U.S. Virgin Islands
Tim Frazier,2090000,185.0,Texas
Tim Hardaway,16500000,183.0,Illinois
Tim James,837720,201.0,Florida
Tim Kempton,650000,208.0,New York
Tim Legler,1320000,193.0,District of Columbia
Tim McCormick,850000,211.0,Michigan
Tim Ohlbrecht,788872,211.0,Germany
Tim Perry,1950000,206.0,New Jersey
Tim Thomas,13975000,208.0,New Jersey
Tim Young,301875,213.0,California
Timofey Mozgov,16000000,216.0,Russia
Timothe Luwawu-Cabarrot,1386600,198.0,France
Tito Horford,7000,216.0,Dominican Republic
Tobias Harris,17200000,190.0,Louisiana
Toby Bailey,287500,198.0,California
Tod Murphy,760000,206.0,California
Todd Day,2915000,198.0,Illinois
Todd Fuller,1461000,193.0,Michigan
Todd Lichti,565180,193.0,California
Todd MacCulloch,6353200,213.0,Canada
Todd Mundt,225000,213.0,Iowa
Tom Chambers,2275000,208.0,Utah
Tom Copa,160000,208.0,Minnesota
Tom Garrick,340000,188.0,Rhode Island
Tom Gugliotta,11670000,208.0,New York
Tom Hammonds,1800000,206.0,Florida
Tom Hovasse,6140,203.0,Colorado
Tom Tolbert,650000,201.0,California
Tomas Satoransky,3000000,201.0,Czech Republic
Toney Douglas,2067880,188.0,Georgia
Toni Kukoc,9056250,208.0,Croatia
Tony Allen,5505618,193.0,Illinois
Tony Battie,6292000,211.0,Texas
Tony Bennett,224000,183.0,Wisconsin
Tony Bobbitt,305403,193.0,Florida
Tony Brown,130000,198.0,Illinois
Tony Campbell,1682000,201.0,New Jersey
Tony Delk,3375000,185.0,Tennessee
Tony Dumas,1330000,198.0,Illinois
Tony Farmer,510000,206.0,California
Tony Harris,150000,190.0,Louisiana
Tony Massenburg,1800000,206.0,Virginia
Tony Mitchell,816482,201.0,Ohio
Tony Parker,15453126,188.0,Belgium
Tony Snell,9821429,201.0,California
Tony Wroten,2179354,198.0,Washington
Tornike Shengelia,788872,206.0,Georgia
Torraye Braggs,316969,203.0,California
Tracy McGrady,23239562,203.0,Florida
Tracy Moore,250000,193.0,Oklahoma
Tracy Murray,3740000,201.0,California
Trajan Langdon,1604880,190.0,California
Travis Best,3500000,180.0,Massachusetts
Travis Diener,1740000,185.0,Wisconsin
Travis Hansen,366931,198.0,Utah
Travis Knight,4402500,213.0,Utah
Travis Leslie,473604,193.0,Georgia
Travis Mays,1200000,188.0,Florida
Travis Outlaw,7000000,206.0,Mississippi
Travis Wear,507336,208.0,California
Travis Williams,242000,198.0,South Carolina
Tree Rollins,1470000,216.0,Florida
Tremaine Fowlkes,638679,203.0,California
Trent Tucker,835000,196.0,North Carolina
Trenton Hassell,4350000,196.0,Tennessee
Treveon Graham,1312611,198.0,District of Columbia
Trevor Ariza,8579089,203.0,Florida
Trevor Booker,9250000,203.0,South Carolina
Trevor Ruffin,143860,185.0,New York
Trevor Wilson,500000,201.0,California
Trevor Winter,287500,213.0,Minnesota
Trey Burke,3386598,185.0,Ohio
Trey Gilder,26917,206.0,Texas
Trey Johnson,187258,196.0,Mississippi
Trey Lyles,2441400,208.0,Canada
Trey Thompkins,762195,206.0,Canada
Tristan Thompson,16400000,206.0,Canada
Troy Bell,1478280,185.0,Minnesota
Troy Daniels,3408520,193.0,Virginia
Troy Hudson,5953000,185.0,Illinois
Troy Murphy,11968253,211.0,New Jersey
Troy Williams,1471382,198.0,South Carolina
Ty Lawson,12404495,180.0,Maryland
Tyler Ennis,1733880,190.0,Canada
Tyler Hansbrough,3326235,206.0,Missouri
Tyler Honeycutt,775000,203.0,California
Tyler Johnson,5881260,193.0,North Dakota
Tyler Ulis,1312611,178.0,Michigan
Tyler Zeller,8000000,213.0,California
Tyreke Evans,11227000,198.0,Pennsylvania
Tyrone Corbin,2400000,198.0,South Carolina
Tyrone Hill,6600000,206.0,Ohio
Tyrone Nesby,3260000,198.0,Illinois
Tyronn Lue,3500000,183.0,Missouri
Tyrus Thomas,3749880,206.0,Louisiana
Tyshawn Taylor,788872,190.0,New Jersey
Tyson Chandler,14598888,216.0,California
Tyus Edney,523500,178.0,California
Tyus Jones,1471382,188.0,Minnesota
Udonis Haslem,7100000,203.0,Florida
Uros Slokar,412718,208.0,Slovenia
Vander Blue,50000,193.0,Wisconsin
Vassilis Spanoulis,1944000,193.0,Greece
Vern Fleming,1560000,196.0,New York
Vernon Macklin,473604,208.0,Virginia
Vernon Maxwell,1833000,193.0,Florida
Viacheslav Kravtsov,1500000,213.0,Ukraine
Victor Alexander,1595000,206.0,Michigan
Victor Claver,1370000,206.0,Spain
Victor Oladipo,21000000,193.0,Maryland
Viktor Khryapa,1928598,206.0,Ukraine
Vin Baker,13500000,211.0,Florida
Vince Carter,18300000,198.0,Florida
Vincent Askew,2000000,198.0,Tennessee
Vincent Yarbrough,349458,201.0,Tennessee
Vincenzo Esposito,500000,190.0,Italy
Vinnie Johnson,1400000,188.0,New York
Vitaly Potapenko,6191250,208.0,Ukraine
Vitor Faverani,2090000,211.0,Brazil
Vlade Divac,12051510,216.0,Serbia
Vladimir Radmanovic,6883800,208.0,Bosnia and Herzegovina
Von Wafer,915852,196.0,Louisiana
Vonteego Cummings,810000,190.0,Georgia
Voshon Lenard,4252435,193.0,Michigan
Wade Baldwin,1874400,193.0,New Jersey
Walker Russell,374289,196.0,Michigan
Wally Szczerbiak,13775000,198.0,Pennsylvania
Walter Bond,150000,196.0,Illinois
Walter Davis,1000000,203.0,Texas
Walter Herrmann,2000000,206.0,Argentina
Walter McCarty,3125000,208.0,Indiana
Walter Palmer,275000,216.0,New York
Walter Sharpe,442114,206.0,Alabama
Walter Tavares,1000000,221.0,Cape Verde
Wang Zhizhi,1900000,213.0,China
Wayman Tisdale,3475000,206.0,Oklahoma
Wayne Cooper,1200000,208.0,Georgia
Wayne Ellington,6270000,193.0,Pennsylvania
Wayne Selden,1312611,196.0,Massachusetts
Wayne Simien,867720,206.0,Kansas
Wayne Turner,30000,188.0,Massachusetts
Wesley Johnson,5881260,201.0,Texas
Wesley Matthews,17884176,185.0,Florida
Wesley Person,7700000,198.0,Alabama
Will Barton,3533333,198.0,Maryland
Will Blalock,412718,183.0,Massachusetts
Will Bynum,3250000,183.0,Illinois
Will Cherry,25000,183.0,California
Will Conroy,85439,188.0,Oregon
Will Perdue,2250000,213.0,Florida
Will Solomon,711517,185.0,Connecticut
William Avery,1375920,188.0,Georgia
William Bedford,925000,213.0,Tennessee
William Cunningham,498500,211.0,Georgia
Willie Anderson,2075000,201.0,South Carolina
Willie Burton,2000000,203.0,Michigan
Willie Cauley-Stein,3704160,213.0,Kansas
Willie Green,3976000,193.0,Michigan
Willie Reed,1577230,206.0,Louisiana
Willie Warren,500000,193.0,Texas
Willy Hernangomez,1435750,211.0,Spain
Wilson Chandler,12016854,203.0,Michigan
Winston Bennett,525000,201.0,Kentucky
Winston Garland,625000,188.0,Indiana
Xavier Henry,2323200,198.0,Belgium
Xavier McDaniel,2640000,201.0,South Carolina
Yakhouba Diawara,945000,201.0,France
Yaroslav Korolev,1832280,206.0,Russia
Yi Jianlian,4050499,213.0,China
Yinka Dare,1657000,213.0,Nigeria
Yogi Ferrell,1312611,183.0,Indiana
Yuta Tabuse,108066,175.0,Japan
Zach LaVine,3202217,196.0,Washington
Zach Randolph,17800000,206.0,Indiana
Zan Tabak,1200000,213.0,Croatia
Zarko Cabarkapa,2157097,211.0,Serbia
Zaza Pachulia,5248750,211.0,Georgia
Zeljko Rebraca,4200000,213.0,Serbia
Zendon Hamilton,807546,211.0,New York
Zoran Dragic,2050397,196.0,Slovenia
Zoran Planinic,1127280,201.0,Bosnia and Herzegovina
Zydrunas Ilgauskas,14625000,221.0,Lithuania
